id,title,released,overall,reviews,tags
1049590,Eternal Return,"19 Jul, 2023",Mostly Positive,55088,"Free to Play, Anime, MOBA, Multiplayer, Survival, PvP, Combat, Top-Down, Crafting, Action, 3D, Strategy, Tactical, Character Customization, Indie, Experimental, Point & Click, Early Access, Sexual Content, MMORPG"
960090,Bloons TD 6,"17 Dec, 2018",Overwhelmingly Positive,263317,"Tower Defense, Strategy, Multiplayer, Singleplayer, Online Co-Op, Co-op, Family Friendly, Casual, 3D, Cartoony, Sandbox, Great Soundtrack, Difficult, Funny, Cute, Survival, Action, Indie, 2D, Adventure"
2239150,Thronefall,"2 Aug, 2023",Overwhelmingly Positive,11827,"Tower Defense, Strategy, City Builder, Minimalist, Medieval, Action, Action RTS, 3D, Building, Colorful, Isometric, Stylized, Base Building, Fantasy, Combat, Singleplayer, Controller, Indie, Early Access, Hack and Slash"
508440,Totally Accurate Battle Simulator,"1 Apr, 2021",Overwhelmingly Positive,112669,"Sandbox, Simulation, Funny, Physics, War, Strategy, Singleplayer, Realistic, Adventure, Indie, Colorful, Fantasy, 3D, Comedy, Action, Historical, Family Friendly, Cute, Wargame, Memes"
1433140,The Texas Chain Saw Massacre,"18 Aug, 2023",Mostly Positive,14188,"Horror, Multiplayer, Gore, Survival Horror, Team-Based, PvP, Survival, Action, Third Person, Asynchronous Multiplayer, Stealth, Violent, Blood, Cinematic, 3D, Atmospheric, Indie, Nudity, Psychological Horror, Strategy"
1275890,Baldi's Basics Plus,"11 Jun, 2020",Overwhelmingly Positive,3302,"Roguelike, Stealth, Procedural Generation, Parody , Funny, Horror, Retro, Exploration, Perma Death, 3D, Indie, Early Access, Strategy, First-Person, Roguelite, Action, 1990's, Surreal, Singleplayer, Survival Horror"
1494420,Silica,"3 May, 2023",Mostly Positive,3272,"Strategy, RTS, Sci-fi, Multiplayer, Early Access, Singleplayer, Aliens, Shooter, PvP, FPS, Indie, Action, First-Person, Co-op, PvE, 3D, Futuristic, Online Co-Op, Top-Down, Arena Shooter"
537800,Bomber Crew,"19 Oct, 2017",Very Positive,8817,"World War II, Simulation, Strategy, Management, Flight, Singleplayer, Indie, War, Difficult, Survival, Action, Casual, Military, Roguelike, 3D, Cartoony, Perma Death, Roguelite, Cute, Atmospheric"
1216320,Shieldwall,"18 Apr, 2023",Very Positive,5401,"Action, Simulation, Sandbox, Medieval, Funny, War, Strategy, Rome, Colorful, Historical, Indie, Adventure, Third Person, Comedy, Casual, PvP, Singleplayer, Multiplayer, Physics, 3D"
2551020,One-armed robber,"15 Dec, 2023",Very Positive,13071,"Multiplayer, Free to Play, Action, Heist, Simulation, Strategy, FPS, Shooter, Co-op, First-Person, Stealth, 3D, Funny, Real Time Tactics, Physics, Tactical, Indie, Stylized, Singleplayer, VR"
1227530,Partisans 1941,"14 Oct, 2020",Very Positive,6291,"Strategy, Real Time Tactics, World War II, Stealth, Tactical, Singleplayer, Isometric, Indie, War, Historical, Tactical RPG, Strategy RPG, Assassin, Atmospheric, Difficult, Character Customization, Action, 3D, Combat, Third Person"
1428420,Nucleares,"13 Mar, 2023",Very Positive,351,"Simulation, Realistic, FPS, Experimental, First-Person, Singleplayer, Indie, 3D, Strategy, Walking Simulator, Action, Immersive Sim, Science, Sci-fi, Artificial Intelligence, Investigation, Logic, Modern, Resource Management, Robots"
727130,Between the Stars,"7 Mar, 2024",Mostly Positive,1638,"Space, RPG, Action, Simulation, Indie, Strategy, Adventure, Space Sim, Singleplayer, Sci-fi, Sandbox, Early Access, Roguelite, Open World, Tactical RPG, 3D, Roguelike, Survival, Flight, Exploration"
1276390,Bloons TD Battles 2,"30 Nov, 2021",Very Positive,28559,"Free to Play, Tower Defense, Multiplayer, Competitive, Strategy, PvP, Indie, Action, Family Friendly, Colorful, Tactical, Sandbox, Real Time Tactics, Cartoony, 3D, Casual, Character Customization, Top-Down, Funny, Difficult"
1215390,Animal Revolt Battle Simulator,"15 Apr, 2022",Overwhelmingly Positive,4900,"Indie, Sandbox, Simulation, Dinosaurs, Physics, Funny, Wargame, Robots, War, Moddable, Strategy, Fighting, 3D, Combat, Tactical, Action, Memes, Blood, Singleplayer, Casual"
1970980,Warlord: Britannia,"24 May, 2022",Very Positive,1443,"Open World, Strategy, Rome, Base Building, Indie, Historical, First-Person, Action, Adventure, Sandbox, 3D, Combat, Singleplayer, Resource Management, Atmospheric, Stylized"
1062830,Embr,"23 Sep, 2021",Very Positive,1016,"Action, Simulation, Strategy, Casual, Co-op, Multiplayer, Co-op Campaign, Funny, Singleplayer, Indie, Online Co-Op, First-Person, Replay Value, Controller, Colorful, Character Customization, Cartoony, Early Access, Stylized, 3D"
1291010,Warpips,"21 Apr, 2022",Very Positive,3409,"Strategy, Tower Defense, RTS, War, Resource Management, Auto Battler, Tactical, Singleplayer, Pixel Graphics, Indie, 2.5D, Base Building, Combat, Wargame, Early Access, Action, Vehicular Combat, Stylized, Real Time Tactics, 3D"
633460,Tannenberg,"16 Nov, 2017",Very Positive,7042,"Gore, World War I, Team-Based, Shooter, PvP, Horror, Realistic, FPS, Action, First-Person, Historical, Multiplayer, 3D, Wargame, War, Atmospheric, Strategy, Indie, Military, Simulation"
1176710,Space Crew: Legendary Edition,"15 Oct, 2020",Mostly Positive,1431,"Action, Sci-fi, Adventure, Simulation, Strategy, Management, Space, Indie, Survival, Space Sim, Singleplayer, Roguelite, 3D, Comedy, Cartoony, Perma Death, Replay Value, Difficult, Roguelike, Sandbox"
2306590,Apewar,"24 Mar, 2023",Very Positive,4374,"Action, Casual, Shooter, Multiplayer, Action-Adventure, Hentai, FPS, 3D Platformer, Psychological Horror, Third-Person Shooter, Massively Multiplayer, Indie, Strategy, 3D, First-Person, Third Person, Early Access, Driving, Sexual Content, PvP"
1762570,Space Reign,"12 Jun, 2023",Very Positive,121,"Early Access, Space Sim, Action, Real Time Tactics, Space, Indie, Sci-fi, Strategy, RTS, Action RTS, 3D, First-Person, Realistic, Third Person, Atmospheric, War, Tactical, Combat, Stealth, Vehicular Combat"
1669170,Northend Tower Defense,"8 Mar, 2022",Very Positive,845,"Early Access, Tower Defense, Indie, Strategy, Auto Battler, Action RTS, Real Time Tactics, War, Management, Tactical, Artificial Intelligence, Military, Combat, Action, Base Building, Fighting, Simulation, Stylized, 3D, Historical"
2345020,Bee Island,"25 Aug, 2023",Very Positive,511,"Sandbox, Simulation, Singleplayer, Funny, Physics, War, Strategy, Indie, Adventure, Controller, Tower Defense, Open World Survival Craft, Medieval, Survival, Colony Sim, 3D, Realistic, Building, City Builder, Action"
1428100,Instruments of Destruction,"2 Mar, 2022",Very Positive,849,"Destruction, Physics, Building, Sandbox, Simulation, Isometric, Automobile Sim, Vehicular Combat, Driving, Indie, Action, Early Access, Strategy, 3D, Funny, Stylized, Modern, Tanks, Singleplayer, Casual"
1177660,Escape the Ayuwoki,"26 Nov, 2019",Very Positive,805,"Survival Horror, Psychological Horror, Horror, First-Person, Violent, Gore, Atmospheric, Singleplayer, Mystery, Assassin, Story Rich, Indie, Action, Adventure, Dark, Strategy, Action-Adventure, Exploration, 3D, Cinematic"
1337920,Serial Cleaners,"22 Sep, 2022",Mostly Positive,240,"Simulation, Stealth, Crime, Strategy, 1990's, Noir, Puzzle, Top-Down, Gore, Tactical, Indie, 2.5D, Singleplayer, Action, Blood, Comedy, Adventure, Dinosaurs, Dark Humor, 3D"
1358710,Battle Cry of Freedom,"1 Mar, 2022",Mostly Positive,1815,"Shooter, Combat, 3D, Real Time Tactics, Third-Person Shooter, FPS, Multiplayer, Historical, First-Person, Action, Simulation, Military, America, Strategy, Massively Multiplayer, War, Moddable, Indie, Team-Based, Tactical"
2808270,Buckshot With Friends,"19 Feb, 2024",Mixed,50,"PvP, Tabletop, 3D, First-Person, Horror, Strategy, Action, Atmospheric, Violent, Dark, Co-op, Multiplayer, Indie, Singleplayer, Online Co-Op"
670290,Real Pool 3D - Poolians,"4 Jan, 2018",Mostly Positive,11990,"Pool, Sports, Free to Play, Multiplayer, Simulation, Casual, Indie, Massively Multiplayer, Strategy, Shooter, Relaxing, VR, FPS, Funny, Singleplayer, Action, PvP, 3D, Co-op, Psychological Horror"
1341160,Infinite Tournament Paintball,"2 Aug, 2020",Very Positive,196,"Action, Simulation, Shooter, eSports, FPS, Real Time Tactics, Arena Shooter, First-Person, Realistic, 3D, Tactical, PvP, Combat, Team-Based, Multiplayer, Singleplayer, Local Multiplayer, Sports, Indie, Strategy"
1742610,Spirits of the Hellements - TD,"28 Apr, 2022",Very Positive,297,"Strategy, Tower Defense, Singleplayer, Sandbox, 3D, Fantasy, Action, Demons, Colorful, Tactical, Difficult, Choices Matter, Indie, Base Building, Medieval, Casual, Real Time Tactics, Cartoony, PvE, Replay Value"
369530,Void Destroyer 2,"6 Feb, 2020",Very Positive,587,"Space Sim, Open World, Sandbox, Action, Strategy, Simulation, 4X, Space, Sci-fi, Indie, Pirates, Mining, Trading, Moddable, RTS, Singleplayer, Building, Flight, 3D, Stylized"
2277720,Red Glare,"24 Jan, 2024",Positive,22,"Strategy, Action-Adventure, Real Time Tactics, 3D, Isometric, Realistic, Top-Down, Alternate History, Atmospheric, Historical, Military, Stealth, Tactical, World War II, Story Rich, Singleplayer, Action, Gore, Violent, Indie"
1621760,Decision: Red Daze,"19 May, 2022",Mostly Positive,572,"Survival, Action, Zombies, RPG, Open World, Action RPG, Singleplayer, Twin Stick Shooter, Base Building, Tower Defense, Post-apocalyptic, Top-Down, Building, Isometric, Old School, Combat, 3D, Strategy, Dystopian , Indie"
1213220,IRON GUARD VR,"1 Sep, 2021",Very Positive,93,"VR, Tower Defense, Strategy, RTS, Sci-fi, Action, Robots, Space, Action RTS, Real Time Tactics, 3D, Atmospheric, Futuristic, Indie, Military, War, Survival, Artificial Intelligence, Old School, Destruction"
2665340,The Texas Chain Saw Massacre - Slaughter Family Execution Pack 2,"22 Feb, 2024",Positive,25,"Action, Indie, Horror, Multiplayer, Survival Horror, Gore, Team-Based, PvP, Third Person, Survival, Stealth, Asynchronous Multiplayer, Violent, Blood, Cinematic, Atmospheric, 3D, Nudity, Psychological Horror, Strategy"
1067220,RoboCo,"3 Nov, 2022",Very Positive,115,"Early Access, Building, Sandbox, Physics, Robots, Simulation, Indie, Education, Funny, Singleplayer, Arcade, Casual, Strategy, 3D, Third Person, Cute, VR, Action, Puzzle, Cartoony"
787040,Perfect Heist,"17 Aug, 2018",Mostly Positive,355,"Multiplayer, Action, Heist, Indie, Strategy, Casual, FPS, Shooter, Turn-Based Strategy, Outbreak Sim, Real Time Tactics, First-Person, Third-Person Shooter, Early Access, 3D, Cartoon, Cartoony, Stylized, Third Person, Crime"
1393570,Superbugs: Awaken,"23 Mar, 2022",Very Positive,136,"Online Co-Op, Difficult, Fast-Paced, Puzzle, Co-op, Action, Multiplayer, 3D, Action-Adventure, Funny, Conversation, Indie, Local Co-Op, First-Person, Stylized, FPS, Local Multiplayer, Adventure, Roguelike, Strategy"
1154080,Rugby League Team Manager 3,"28 May, 2020",Very Positive,70,"Management, Sports, Simulation, Strategy, Tactical, Indie, Singleplayer, Action, 3D, Character Customization, Tactical RPG, Adventure, Colorful, Football (American), Illuminati, Atmospheric, Multiple Endings, Turn-Based Tactics, Rugby, Souls-like"
2665290,The Texas Chain Saw Massacre - Nancy,"28 Nov, 2023",Very Positive,63,"Horror, Gore, Multiplayer, Action, Survival Horror, Team-Based, Violent, PvP, Survival, Asynchronous Multiplayer, Third Person, Stealth, Indie, Blood, Cinematic, Atmospheric, 3D, Nudity, Psychological Horror, Strategy"
2095450,Tiny Tactics,"5 Aug, 2022",Very Positive,587,"Strategy, Tower Defense, 3D, Top-Down, Cartoony, Colorful, Fantasy, Tactical, Mythology, Class-Based, Indie, Building, Combat, Grid-Based Movement, Singleplayer, Auto Battler, Action, Casual, Turn-Based Tactics, Isometric"
2617350,MACHO SPINNER,"10 Dec, 2023",Mostly Positive,12,"Action, Strategy, Tabletop, Idler, Tactical RPG, 3D, Realistic, Third Person, Sports, Philosophical, Emotional, Indie, PvP, Atmospheric, Physics, Singleplayer, Multiplayer"
2199580,Interstellar Pilot 2,"2 Jan, 2023",Very Positive,81,"Action, Simulation, Strategy, Sandbox, Space Sim, 3D, Space, Sci-fi, Open World, Combat, Adventure, Indie, Early Access, Singleplayer"
1162700,Midnight Protocol,"13 Oct, 2021",Very Positive,181,"Singleplayer, Hacking, Typing, Story Rich, Atmospheric, Turn-Based Strategy, Strategy RPG, Minimalist, Strategy, Crime, Indie, Sci-fi, Tactical RPG, Action, Programming, Turn-Based Tactics, RPG, Experimental, 3D, Investigation"
2665270,The Texas Chain Saw Massacre - Danny,"28 Nov, 2023",Mostly Positive,45,"Horror, Gore, Multiplayer, Action, Survival Horror, Team-Based, Violent, PvP, Survival, Asynchronous Multiplayer, Third Person, Stealth, Indie, Blood, Cinematic, Atmospheric, 3D, Nudity, Psychological Horror, Strategy"
806950,Victory At Sea Pacific,"14 Sep, 2018",Mixed,544,"RTS, World War II, Naval, Strategy, Naval Combat, Open World, Real Time Tactics, Grand Strategy, Real-Time with Pause, Tactical, Wargame, Real-Time, Adventure, Indie, Action, Simulation, Singleplayer, 3D, War, Alternate History"
2187130,Rabat Protocol:Metal Rhapsody,"27 Jul, 2023",Very Positive,54,"Looter Shooter, Twin Stick Shooter, Wargame, Shooter, Arcade, Strategy, Roguelike, Female Protagonist, Action, 3D, Gun Customization, Anime, World War II, Comedy, Survival, Combat, Singleplayer, Casual, Indie"
1478970,AI Olympius,"20 Jul, 2023",Positive,37,"Co-op, Adventure, Action, Third-Person Shooter, Sci-fi, Local Co-Op, Singleplayer, Shooter, Action-Adventure, Early Access, 3D, Indie, Third Person, Strategy, RPG, Futuristic, Post-apocalyptic, Controller, PvE"
262590,Chuck's Challenge 3D 2020,"28 Feb, 2014",Very Positive,136,"Puzzle, Sokoban, Difficult, Level Editor, Building, Kickstarter, Logic, Strategy, Family Friendly, 3D, Top-Down, Indie, Singleplayer, Cartoony, Cute, Grid-Based Movement, Action, Old School, Crowdfunded, Adventure"
987070,Verdun - Supporter Edition Upgrade,"13 Dec, 2018",Positive,40,"Strategy, Action, Indie, Gore, Violent, World War I, Shooter, Multiplayer, War, Military, Realistic, Wargame, First-Person, FPS, Historical, Atmospheric, Tactical, Great Soundtrack, Simulation, 3D"
746960,Tannenberg - Supporter Edition Upgrade,"16 Nov, 2017",Very Positive,58,"Strategy, Action, Indie, Gore, Violent, World War I, First-Person, Shooter, Multiplayer, Military, Realistic, Simulation, FPS, War, Tactical, Great Soundtrack, 3D, Historical, Wargame, Atmospheric"
2394720,The Texas Chain Saw Massacre - Nicotero Leatherface,"24 Oct, 2023",Very Positive,65,"Horror, Gore, Multiplayer, Action, Survival Horror, Team-Based, Asynchronous Multiplayer, PvP, Violent, Third Person, Stealth, Survival, Blood, Indie, Cinematic, Atmospheric, 3D, Nudity, Psychological Horror, Strategy"
2320040,Skies above the Great War,"11 Jan, 2024",Mixed,17,"Early Access, World War I, Flight, RTS, Strategy, Realistic, Action, Open World, 3D, Wargame, Management, Arcade, Third Person, Historical, War, Combat, Moddable, Singleplayer, Grand Strategy, Sandbox"
2600830,Lost Hope: Backrooms,"8 Nov, 2023",Mostly Positive,19,"Horror, First-Person, Survival Horror, Adventure, 3D, Psychological Horror, Exploration, Action-Adventure, Controller, Singleplayer, Action, Indie, Early Access, Survival, Strategy, Logic, Female Protagonist, Multiple Endings"
1278210,Space Raiders in Space,"8 Dec, 2020",Very Positive,53,"Strategy, Indie, Action, Comic Book, Roguelike, Tower Defense, Funny, Replay Value, Roguelite, Sci-fi, Action Roguelike, RTS, Action RTS, Shoot 'Em Up, Top-Down, 3D, Cartoony, Colorful, Isometric, Stylized"
703500,ReThink | Evolved,"15 Sep, 2017",Very Positive,72,"Puzzle, First-Person, Logic, Singleplayer, 3D, Indie, Minimalist, Beautiful, Relaxing, Sci-fi, Linear, Action, Casual, Strategy"
2481930,Scamper,"28 Jul, 2023",Positive,44,"Action, Horror, VR, Strategy, Adventure, Hidden Object, Puzzle, Time Management, 3D, Parkour, Psychological Horror, Stealth, Survival Horror, Thriller, Exploration, Singleplayer, Physics, Underground, Indie"
457480,Domino Sky,"5 Apr, 2016",Very Positive,328,"Indie, Casual, Strategy, Puzzle, Physics, 3D, Singleplayer, Relaxing, Action, Adventure, Simulation, First-Person, Realistic, Tactical, Family Friendly, Logic, Immersive Sim, FPS, Moddable, Great Soundtrack"
2302820,FAS: Fight Action Sandbox,"19 Apr, 2023",Mostly Positive,43,"Simulation, Strategy, 3D Fighter, Turn-Based Tactics, 3D, Character Customization, Superhero, Combat, Level Editor, PvP, Turn-Based Combat, Multiplayer, Singleplayer, Sandbox, Indie, Fighting, Action, Turn-Based Strategy, Spectacle fighter"
2053050,Nightly Maintenance,"2 Dec, 2023",Positive,11,"Strategy, Hidden Object, Puzzle, Walking Simulator, 3D, Indie, First-Person, Horror, Psychological Horror, Story Rich, Atmospheric, Action, Adventure, Mystery, Dark, Supernatural, Singleplayer, Early Access, Time Management"
384960,Vengeance,"29 Apr, 2020",Very Positive,310,"Early Access, Action, Indie, Strategy, FPS, Multiplayer, Shooter, First-Person, Casual, Arena Shooter, Massively Multiplayer, PvP, 3D, Old School, War, Violent, Team-Based, Combat, Singleplayer, Modern"
2843740,The Texas Chain Saw Massacre - Weapon Skin Variants,"22 Feb, 2024",Positive,11,"Action, Indie, Horror, Gore, Multiplayer, Survival Horror, Team-Based, Violent, PvP, Third Person, Survival, Stealth, Asynchronous Multiplayer, Blood, Cinematic, Atmospheric, 3D, Nudity, Psychological Horror, Strategy"
2640910,Yeetus,"15 Dec, 2023",Positive,20,"Action Roguelike, Action, Bullet Hell, Indie, Singleplayer, Action RPG, Strategy, Shooter, Roguelite, 3D, Adventure, Arcade, Controller"
17710,Nuclear Dawn,"26 Sep, 2011",Mostly Positive,1572,"Strategy, FPS, Action, RTS, Multiplayer, Post-apocalyptic, Sci-fi, Shooter, Tactical, First-Person, Team-Based, Indie, Real-Time, Futuristic, Dystopian , Real Time Tactics, 3D, Top-Down, Alternate History, Base Building"
1127110,Outpost,"1 May, 2020",Very Positive,684,"Free to Play, Indie, Strategy, Tower Defense, Survival, Roguelike, Singleplayer, Roguelite, Casual, Top-Down, Open World, Procedural Generation, Building, Base Building, Sandbox, Crafting, Asynchronous Multiplayer, 3D, Adventure, Action"
217270,Karateka,"3 Dec, 2012",Mostly Positive,159,"Action, Indie, Strategy, Remake, Fighting, Martial Arts, Rhythm, Arcade, Classic, Side Scroller, Retro, 3D Fighter, 1980s, Cult Classic, Colorful, 3D, Anime, Old School, Combat, Great Soundtrack"
2595080,Banana Co.,"23 Nov, 2023",Positive,12,"Strategy, Adventure, 3D, Dark, Horror, Tactical, Thriller, Indie, Action, Singleplayer"
35460,The Ball,"26 Oct, 2010",Mostly Positive,773,"3D Platformer, Puzzle Platformer, First-Person, Puzzle, Strategy, Action, Indie, Sci-fi, Adventure, Physics, Singleplayer, 3D, Logic, Controller, Underground, Horror, FPS, Exploration, Atmospheric, Anime"
845040,AegisM,"27 Jul, 2018",Positive,31,"Tower Defense, Multiplayer, Real Time Tactics, Strategy, Action, 3D, Isometric, Early Access, Indie, Shoot 'Em Up, Cartoony, Colorful, Stylized, Top-Down, Atmospheric, Building, Family Friendly, Logic, Management, Military"
1141570,Sky Cannoneer,"20 Feb, 2020",Mostly Positive,16,"Action, Strategy, Indie, Sci-fi, Arcade, Tower Defense, Tactical, Fantasy, Funny, Singleplayer, 3D, Classic, Female Protagonist, Local Multiplayer, RTS, Top-Down Shooter, Replay Value, Choices Matter, PvP, Multiplayer"
2102320,MISTROGUE: Mist and the Living Dungeons,"26 Oct, 2023",Mixed,175,"JRPG, Action RPG, Mystery Dungeon, Dungeon Crawler, Character Action Game, Action Roguelike, Roguelike, Roguelite, RPG, Action, Indie, Procedural Generation, Singleplayer, PvE, 3D, Early Access, 1990's, Strategy, Top-Down, Fantasy"
541920,Help,"13 Oct, 2016",Mixed,161,"Action, Adventure, Indie, Horror, Strategy, Open World, FPS, 3D, Anime, First-Person, Memes, Psychological Horror, Thriller, Co-op Campaign, Online Co-Op, Singleplayer"
957070,iB Cricket,"25 Oct, 2020",Very Positive,109,"VR, Sports, Casual, Simulation, Indie, eSports, Singleplayer, Modern, Multiplayer, PvP, Early Access, Action, Baseball, Strategy, Free to Play, Realistic, Cricket, Physics, Competitive, 3D"
1552960,John Christian,"7 Jul, 2021",Mostly Positive,21,"Strategy, Action, Adventure, Casual, Action-Adventure, Spectacle fighter, 3D, Indie, Combat, Singleplayer, Souls-like, Faith, Hentai, Sexual Content"
2547760,Digitanks!,"26 Aug, 2023",Positive,11,"Strategy, Action, Grand Strategy, Turn-Based Strategy, Turn-Based Tactics, 3D, Colorful, Robots, Tanks, Combat, Indie, PvE, Turn-Based Combat, Singleplayer"
2066920,ColorCube,"14 Jul, 2022",Positive,10,"Puzzle, Action, 3D, Strategy, First-Person, Singleplayer, Nonlinear, Logic, Abstract, Adventure, Indie, Female Protagonist"
1037760,Hold The Fort,"5 Jun, 2019",Mostly Positive,33,"Strategy, Indie, Tower Defense, Singleplayer, Tactical, Building, Action, Fantasy, Fast-Paced, Great Soundtrack, Arcade, Addictive, 3D, Top-Down, Resource Management, Management, Difficult, Real-Time, Medieval, Survival"
1686340,AirFighter,"20 Jul, 2021",Positive,16,"Strategy, Jet, 3D, Shoot 'Em Up, Wargame, Atmospheric, Destruction, Score Attack, Survival, Indie, World War II, Simulation, Action, War, Singleplayer, Tactical, RPG, Flight, Third Person, Arcade"
1169520,Guild of Ascension,"21 Sep, 2021",Positive,37,"Tactical RPG, Roguelite, Turn-Based, Singleplayer, Indie, Medieval, Turn-Based Tactics, Tactical, Perma Death, Strategy RPG, RPG, Difficult, 3D, Turn-Based Combat, Turn-Based Strategy, Party-Based RPG, Board Game, Roguelike, Strategy, Action"
360620,Spellsworn,"13 Mar, 2018",Very Positive,1407,"Magic, Free to Play, Action, Multiplayer, Indie, Early Access, Dark Fantasy, Strategy, Online Co-Op, Fantasy, MOBA, RPG, PvP, Co-op, Action RPG, Battle Royale, eSports, RTS, Action RTS, 3D"
791770,Try To Fall Asleep,Mar 2019,Very Positive,153,"Singleplayer, First-Person, Early Access, Indie, Horror, Psychological Horror, Action-Adventure, Atmospheric, Simulation, Drama, Exploration, Psychological, 3D, Emotional, Adventure, Surreal, Dark, Gore, Action, Strategy"
2429250,Rags to Liches,"17 Jun, 2023",Positive,17,"Action, Strategy, Tower Defense, 3D, Stylized, Fantasy, Atmospheric, PvE, Singleplayer, Free to Play, Indie, Combat, Third Person, Medieval"
820600,ReThink | Evolved 2,"9 Apr, 2018",Positive,42,"Puzzle, First-Person, Logic, Singleplayer, Indie, 3D, Minimalist, Beautiful, Relaxing, Sci-fi, Linear, Casual, Strategy, Action"
252970,McDROID,"5 Sep, 2014",Mostly Positive,143,"Third-Person Shooter, Tower Defense, Cartoony, Base Building, Robots, Strategy, Action, Indie, RTS, Shooter, Funny, Character Customization, 3D, Third Person, Aliens, Singleplayer, Survival, Co-op, Multiplayer, Adventure"
820600,ReThink | Evolved 2,"9 Apr, 2018",Positive,42,"Puzzle, First-Person, Logic, Singleplayer, Indie, 3D, Minimalist, Beautiful, Relaxing, Sci-fi, Linear, Casual, Strategy, Action"
2429250,Rags to Liches,"17 Jun, 2023",Positive,17,"Action, Strategy, Tower Defense, 3D, Stylized, Fantasy, Atmospheric, PvE, Singleplayer, Free to Play, Indie, Combat, Third Person, Medieval"
1207320,Gray Zone,"16 Dec, 2022",Mixed,42,"Real-Time, Strategy, RTS, Sci-fi, Action, Real Time Tactics, Roguelike, Tactical, Indie, Shoot 'Em Up, Stealth, RPG, Adventure, 3D, Singleplayer, Top-Down, Atmospheric, Party-Based RPG, Strategy RPG, Tactical RPG"
1196500,Party Arena: Board Game Battler,"7 Jul, 2020",Mostly Positive,25,"Action, Indie, Strategy, Casual, Multiplayer, Competitive, Funny, Party, Board Game, Minigames, Turn-Based Strategy, Beat 'em up, 3D, Stylized, Top-Down, Family Friendly, Fantasy, PvP, 4 Player Local, Local Multiplayer"
980640,Empire of Ember,"20 Jan, 2022",Mixed,122,"3D, Medieval, Strategy, Open World, RPG, Action RPG, Fantasy, Action, War, Base Building, City Builder, Magic, First-Person, Procedural Generation, Singleplayer, Indie, Combat, Story Rich, Moddable, Hack and Slash"
2464220,Stronghold Conquest,"24 Aug, 2023",Positive,10,"Tower Defense, Strategy, Medieval, Casual, Combat, 3D, Physics, Indie, Tactical, War, Moddable, Singleplayer, PvE, Destruction, Action, Open World, Exploration, Historical, Real Time Tactics, Resource Management"
1533560,守卫魔兽-Guardian of Warcraft,"26 Mar, 2021",Positive,13,"Tactical RPG, Strategy, Hack and Slash, Real Time Tactics, Action, Tower Defense, RTS, Action-Adventure, 3D, Third Person, Swordplay, Casual, Indie, Medieval, Magic, Nature, Combat, Singleplayer, RPG, Wargame"
2248820,Five Nights At Smog's,"8 Jul, 2023",Positive,33,"Action, Strategy, God Game, Immersive Sim, 3D, Atmospheric, Dark, Dystopian , Survival Horror, Free to Play, Early Access, Simulation, Indie, Thriller, Physics, Singleplayer"
915490,Frontline Zed,"3 Oct, 2019",Mixed,249,"Indie, Action, Strategy, Violent, Zombies, Gore, Survival, Tower Defense, Twin Stick Shooter, Horror, Post-apocalyptic, Top-Down Shooter, Singleplayer, Isometric, Co-op, Shooter, 3D, Top-Down, Combat, Inventory Management"
1787820,Mirror Party,"2 Dec, 2021",Mixed,1353,"Casual, Action, Strategy, Action-Adventure, MOBA, 3D, 3D Platformer, Real Time Tactics, Multiplayer, Level Editor, Online Co-Op, Co-op, Simulation, Top-Down Shooter, Funny, Singleplayer, Early Access, Indie, Anime, Nudity"
1894460,Zombie Within,"22 Feb, 2024",Mostly Positive,14,"Early Access, Social Deduction, Online Co-Op, Casual, Funny, Zombies, Party Game, Multiplayer, Survival Horror, Indie, Tactical, Stealth, Choices Matter, Shooter, PvP, Co-op, Action, Third-Person Shooter, Strategy, 3D"
2720,ThreadSpace: Hyperbol,"12 Jul, 2007",Positive,15,"Multiplayer, Action, Strategy, Real-Time, 3D, Team-Based, Indie, Space"
2575060,Lively Chair Simulator,"20 Oct, 2023",Very Positive,55,"Simulation, Action-Adventure, 3D, Comedy, Fantasy, Funny, Controller, Physics, PvP, Action, Strategy, Indie, Multiplayer, Singleplayer, Co-op, Online Co-Op, Free to Play"
1609830,WillWalker,"24 May, 2021",Very Positive,84,"Free to Play, Action, Indie, Strategy, Point & Click, Casual, Arcade, Shooter, Shoot 'Em Up, Arena Shooter, Top-Down, 3D, FPS, Third Person, Sci-fi, Futuristic, Combat, PvE, Singleplayer, Cyberpunk"
2077060,SATUS,"10 Feb, 2023",Positive,39,"Action, War, Grand Strategy, Turn-Based Strategy, Strategy, Turn-Based Tactics, 2D, 3D, Pixel Graphics, Magic, Tactical, Fantasy, Singleplayer, Choices Matter, Simulation, Casual, Indie, Adventure, 4X, Sandbox"
938480,The Savior's Gang,"1 Mar, 2019",Positive,29,"Dark Humor, Top-Down, Strategy, Puzzle, Funny, Exploration, Linear, Third Person, God Game, Hidden Object, Action, 3D, Casual, Mythology, Faith, Lemmings, Adventure, Singleplayer, Indie, Violent"
1255050,Craft In Abyss,"30 Jan, 2021",Positive,39,"Simulation, RPG, Indie, Strategy, Action, Crafting, Survival, Tower Defense, Roguelite, Building, 3D, Roguelike, Early Access, Hand-drawn, Linear, Base Building, Perma Death, Singleplayer, Arcade, 2D"
2088250,瘟疫清零计划 Project Zero,"11 Sep, 2022",Very Positive,3268,"Action Roguelike, Zombies, Action, Roguelike, Singleplayer, Free to Play, Strategy, Shooter, 3D, Survival, Post-apocalyptic, Multiplayer, Combat, Indie, Adventure, Shoot 'Em Up"
656450,Alien Hallway 2,"5 Oct, 2017",Mixed,117,"Strategy, Action, RTS, Shooter, Shoot 'Em Up, Aliens, Adventure, Indie, Sniper, Arcade, On-Rails Shooter, 3D, Isometric, Tactical, Action RPG, Third Person, Sci-fi, Inventory Management, PvE, Singleplayer"
1484800,Zardy's Maze,"22 Jan, 2021",Very Positive,1382,"Horror, Action, Survival, Strategy, Free to Play, Multiplayer, Mystery, Stealth, Difficult, 3D, First-Person, Survival Horror, Indie, Dark, Cartoony, Singleplayer, Stylized, Psychological Horror, Supernatural, Multiple Endings"
1749460,Battle Tops,"14 Oct, 2021",Positive,17,"Casual, Simulation, Strategy, 3D Fighter, Battle Royale, Design & Illustration, Sandbox, Collectathon, 3D, Third Person, Indie, Action, Building, Crafting, Local Multiplayer, Singleplayer"
1995330,Monos: The Endless Tower,"5 Oct, 2023",Positive,16,"Tower Defense, Action-Adventure, Procedural Generation, Strategy, 3D, Cute, 360 Video, Action, Casual, Colorful, Fantasy, Magic, Medieval, Adventure, Roguelite, Supernatural, Combat, Singleplayer, Indie"
1140070,Tractor Cargo Driving Simulator,"28 Aug, 2019",Positive,36,"Driving, Simulation, Farming Sim, Offroad, Racing, 3D, Parkour, Indie, Sports, Casual, Survival, Strategy, Adventure, Singleplayer, Farming, Action, 3D Platformer, Exploration, Immersive Sim, Controller"
713740,Train Your Minibot,"30 Jun, 2021",Positive,10,"Precision Platformer, 3D Platformer, Puzzle Platformer, Puzzle, Strategy, Third Person, 3D, Controller, Action, Casual, Robots, Physics, Singleplayer, Early Access, Indie"
802120,Cellyon: Boss Confrontation,"11 Oct, 2022",Positive,32,"Online Co-Op, RPG, Level Editor, Difficult, Action, Indie, Steampunk, Kickstarter, Strategy, Moddable, Competitive, Multiplayer, Singleplayer, Co-op, Party-Based RPG, 3D, Third Person, Fantasy, Magic, MMORPG"
1324870,Ur Game: The Game of Ancient Gods,"22 Jun, 2020",Positive,23,"Casual, PvP, Board Game, Tabletop, Strategy, First-Person, 3D, Historical, Simulation, Realistic, Fantasy, Logic, Mythology, Multiplayer, Singleplayer, Grand Strategy, Atmospheric, Local Multiplayer, Indie, Action"
1711520,Great Marble Adventure,"11 Feb, 2022",Positive,14,"Action, Casual, 3D Platformer, Platformer, Puzzle Platformer, 3D, Third Person, Atmospheric, Medieval, Retro, Indie, Nature, Racing, Strategy, Physics, Linear, Singleplayer"
929140,Tank Royale,"1 Apr, 2019",Positive,47,"Massively Multiplayer, Casual, Early Access, Strategy, Action, Indie, RPG, Simulation, Tanks, Battle Royale, Free to Play, Top-Down Shooter, Multiplayer, Shooter, 3D Fighter, eSports, Arena Shooter, 2.5D, 3D, Cute"
1209570,Cosmos - Escape From Freedom,"1 Jan, 2020",Positive,13,"Action, Indie, Adventure, Bullet Hell, Pixel Graphics, Difficult, Strategy, Roguelike, 3D Fighter, Action Roguelike, Arcade, Space Sim, Roguelite, Top-Down Shooter, Traditional Roguelike, 3D, Isometric, Top-Down, Voxel, Space"
239430,Q.U.B.E: Director's Cut,"21 May, 2014",Very Positive,801,"Puzzle, Indie, First-Person, Adventure, Action, Sci-fi, Singleplayer, Physics, Space, Platformer, Atmospheric, Science, 3D, Soundtrack, Strategy, Classic, Puzzle Platformer, Difficult, VR"
1380520,Racing Outlaws,"23 Jan, 2022",Positive,25,"Action, Racing, Adventure, Arcade, 3D Platformer, Action Roguelike, 3D, Sports, Indie, Strategy, Atmospheric, Combat, Singleplayer, Multiplayer, Casual, 4X, Auto Battler, Automobile Sim, Beat 'em up, eSports"
834920,Operation Osama Bin Laden,"24 May, 2021",Positive,35,"RTS, Strategy, Stealth, Real Time Tactics, Military, Difficult, Top-Down, Action, Tactical, Sniper, War, Singleplayer, Indie, 3D, Violent, Isometric"
1339920,Freedom: How I Escaped,"14 Aug, 2020",Positive,31,"Voxel, Isometric, Female Protagonist, Casual, Relaxing, Strategy, 3D, Puzzle, Early Access, Singleplayer, Indie, Adventure, Atmospheric, Runner, Action-Adventure, Action, Stealth, Fantasy, Horror, Multiplayer"
942390,Captain ToonHead vs the Punks from Outer Space,"11 Nov, 2021",Positive,20,"VR, FPS, Tower Defense, Shooter, Cartoony, Strategy, Tactical, 3D, Funny, Action, Space, Shoot 'Em Up, Real Time Tactics, Superhero, Adventure, Building, First-Person, Indie, Parody , Stylized"
2355050,Save District 3,"11 Apr, 2023",Mostly Positive,40,"Action, Sci-fi, Female Protagonist, Sexual Content, Strategy, Simulation, 3D Fighter, Action-Adventure, Action RPG, Casual, RTS, Spectacle fighter, 3D, Third Person, Artificial Intelligence, Military, Drama, Quick-Time Events, Singleplayer, Indie"
2403940,AutoHeroes,"20 Jan, 2024",Mixed,11,"Auto Battler, Roguelike, Multiplayer, Procedural Generation, Strategy, RPG, Turn-Based, PvP, Inventory Management, Action, Co-op, Singleplayer, Roguelite, Indie, Replay Value, 3D, Fantasy, Online Co-Op, PvE, Early Access"
1189060,The Floor Is Still Really Cheap Lava,"25 Nov, 2020",Very Positive,218,"Third-Person Shooter, PvP, Shooter, Runner, Multiplayer, 3D, Third Person, Funny, Action, Casual, Cartoony, Colorful, Comedy, Combat, Singleplayer, Free to Play, Indie, Racing, Strategy, Nudity"
845200,❂ Hexaluga ❂ Weapon and Shield ☯,"14 May, 2018",Mixed,18,"Indie, Action, Racing, Strategy, Casual, Sports, Adventure, Simulation, RPG, Platformer, 3D Platformer, Free to Play, Hack and Slash, Side Scroller, 3D, Third Person, Physics, Singleplayer, Early Access, Real-Time"
817160,Scary defense,"24 Apr, 2018",Mixed,26,"Action, Indie, Strategy, Tower Defense, Colony Sim, Third-Person Shooter, 3D, Third Person, Psychological Horror, Horror, Atmospheric, Combat, Stealth, Open World, Physics, Singleplayer, Casual"
1815290,Hitmen Party,"17 Apr, 2023",Positive,17,"PvP, Detective, Multiplayer, Local Multiplayer, 4 Player Local, Relaxing, Funny, Stealth, Competitive, 3D, Isometric, Casual, Colorful, Action, Controller, Strategy, Team-Based, Score Attack, Family Friendly, Indie"
450850,Cube Land Arena,"8 Mar, 2019",Mixed,206,"Tower Defense, Strategy, Fantasy, Indie, Casual, Adventure, Action, Real Time Tactics, Tactical, RTS, Sandbox, Singleplayer, 3D, Mythology, Time Manipulation, Voxel, Combat, Survival"
1492250,44 Minutes in Nightmare,"15 Mar, 2021",Positive,42,"Horror, Stealth, Roguelike, Action Roguelike, Action, Action RTS, Procedural Generation, Multiple Endings, First-Person, Strategy, Indie, RTS, FPS, Zombies, Perma Death, Singleplayer, 3D, Psychological Horror, Gore, Dark"
1092730,Hello Neighbor Alpha 3,"17 Oct, 2019",Very Positive,1206,"Adventure, Horror, Free to Play, Indie, Strategy, Stealth, First-Person, Singleplayer, Puzzle, Survival Horror, Action-Adventure, Action, Survival, Psychological Horror, Difficult, Investigation, 3D, Cartoony, Psychedelic, Funny"
1095480,Operation Valor,"19 Oct, 2023",Positive,40,"Top-Down Shooter, Multiplayer, Action, Tactical, PvE, PvP, Shooter, War, Military, Top-Down, Casual, Strategy, Team-Based, Combat, Vehicular Combat, Indie, 3D, Early Access, 2D, Violent"
735550,Crazy Soccer: Football Stars,"28 Jun, 2018",Positive,14,"Sports, Action, Strategy, Funny, PvP, Simulation, Spectacle fighter, Online Co-Op, God Game, Multiplayer, Co-op, Character Customization, Singleplayer, Football (Soccer), Space, Indie, Replay Value, 3D, Casual, Mouse only"
1583900,M.A.R.S.S.,"24 May, 2021",Positive,28,"Indie, Puzzle, RTS, Casual, Funny, Singleplayer, 3D, Cute, Cold War, Alternate History, Action, Mars, Sci-fi, Space, Comedy, Robots, Cartoon, Quick-Time Events, Combat, Strategy"
2517850,Toy Shire: Room One,"13 Mar, 2024",Very Positive,264,"Tower Defense, Strategy, RTS, Cute, Action, Free to Play, Real Time Tactics, Military, Wargame, 3D, Tactical, Cartoony, War, Family Friendly, Combat, Resource Management, Singleplayer, PvE, Indie"
764580,RealmCraft,"19 Feb, 2018",Mostly Positive,37,"Casual, Adventure, Simulation, Strategy, Sandbox, Singleplayer, Action, Indie, Pixel Graphics, Building, Crafting, Survival, Multiplayer, Puzzle, Roguelike, 3D Platformer, Exploration, Anime, Voxel, 3D"
1333860,Wild West Survival,"31 Jul, 2020",Mixed,13,"Action, Adventure, RPG, Early Access, Indie, Strategy, Simulation, Third Person, Open World Survival Craft, Action RPG, Action-Adventure, 3D, Realistic, Building, Crafting, Mining, Relaxing, Survival, Hunting, Loot"
2210800,Monster Racing League,"23 Mar, 2023",Very Positive,72,"Multiplayer, Singleplayer, Casual, Action, Family Friendly, Funny, Colorful, Comedy, Physics, Cute, Strategy, 3D, Cartoony, Early Access, PvP, Racing, Party, Character Customization, Combat Racing, Indie"
2628350,The Texas Chain Saw Massacre - Julie Outfit Pack,"24 Oct, 2023",Positive,21,"Horror, Gore, Action, Multiplayer, Survival Horror, Team-Based, Violent, Survival, Asynchronous Multiplayer, PvP, Third Person, Stealth, Indie, Blood, Cinematic, Atmospheric, 3D, Nudity, Psychological Horror, Strategy"
1096710,Hello Neighbor Alpha 4,"19 Oct, 2019",Very Positive,3793,"Adventure, Free to Play, Strategy, Horror, Indie, Puzzle, Stealth, First-Person, Funny, Mystery, Comedy, Singleplayer, Action, Sandbox, Family Friendly, Story Rich, Investigation, Survival Horror, 3D, Beautiful"
1738540,Dancing Cube,"12 Aug, 2022",Positive,10,"Rhythm, Music, Bullet Hell, Colorful, Multiplayer, Indie, Singleplayer, Level Editor, 3D, PvP, Action, Platformer, 3D Platformer, Controller, Strategy, Family Friendly, Psychedelic, Early Access, 4 Player Local, Combat"
2012820,NecroCity: Prologue,"6 Mar, 2023",Positive,32,"Strategy, City Builder, Tower Defense, Building, Singleplayer, Indie, Base Building, Management, Action, Atmospheric, Tactical, Adventure, Colony Sim, 3D, 3D Vision, Isometric, Horror, Survival, Survival Horror, Dark"
1558420,Galaxy Arena,"3 Apr, 2021",Positive,13,"3D Fighter, Horror, Action, Shooter, Shoot 'Em Up, Survival, Simulation, Gun Customization, Spectacle fighter, War, Bullet Hell, Tactical, Strategy, Cyberpunk, Indie, Robots, Arcade, 3D, First-Person, Destruction"
98900,Alien Hallway,"19 Aug, 2011",Mostly Positive,111,"MOBA, Strategy, Action, Shooter, Tower Defense, Aliens, Indie, Sci-fi, Singleplayer, Platformer, Space, Base Building, Tactical, RPG, Inventory Management, Arcade, 3D Platformer, Side Scroller, 3D, Isometric"
1523170,Aladdin : Save The Princess,"22 Feb, 2022",Positive,14,"Action, Adventure, Casual, Strategy, Experimental, Choose Your Own Adventure, Collectathon, 3D, Anime, Cartoon, Atmospheric, Jet, Memes, Mystery, Building, Combat, Singleplayer, 3D Fighter, Indie"
2072830,Dr.Pumpkin Chapter 2: The SCP hunt,"26 Jul, 2022",Mostly Positive,17,"Action, Strategy, Puzzle, Adventure, 3D, First-Person, Singleplayer, Dark, Fantasy, Choose Your Own Adventure, Action-Adventure, Horror, Dark Fantasy, Dark Humor, Open World, Free to Play, Surreal, FPS, Indie"
2628320,The Texas Chain Saw Massacre - Connie Outfit Pack,"24 Oct, 2023",Positive,26,"Horror, Gore, Action, Multiplayer, Survival Horror, Team-Based, Violent, Survival, Asynchronous Multiplayer, PvP, Third Person, Stealth, Indie, Blood, Cinematic, Atmospheric, 3D, Nudity, Psychological Horror, Strategy"
2222260,Gummy Dummy Battles,"24 Jan, 2023",Positive,15,"Sandbox, Simulation, Physics, Funny, Memes, Team-Based, Comedy, Tactical, Real-Time with Pause, Colorful, Spectacle fighter, War, Action, Strategy, Cute, Casual, Relaxing, Indie, 3D, Singleplayer"
1671310,Trash is Fun,"5 Jul, 2022",Mostly Positive,22,"Survival, Simulation, Adventure, Action-Adventure, Comedy, Co-op Campaign, Co-op, 4 Player Local, Local Co-Op, Education, Indie, Local Multiplayer, Multiplayer, 3D, Isometric, Action, Strategy, Funny, Casual, Tower Defense"
1326700,CHRONOSHOT,"7 Aug, 2020",Very Positive,420,"Early Access, Free to Play, Arena Shooter, Time Travel, Indie, Time Attack, Bullet Time, Arcade, Third-Person Shooter, Shoot 'Em Up, Shooter, Singleplayer, Sci-fi, Casual, Action, 3D, Cartoony, Strategy, Robots, Cinematic"
333660,Towers of Altrac - Epic Defense Battles,"5 Jan, 2015",Mixed,92,"Indie, Strategy, Tower Defense, Fantasy, Action, Multiplayer, Sandbox, 3D Platformer, Turn-Based Tactics, 3D, First-Person, Top-Down, Survival, Artificial Intelligence, Singleplayer, Co-op, Robots"
1510070,Cliff & Field Tower Defense,"7 Aug, 2023",Mostly Positive,47,"Tower Defense, Real Time Tactics, Sandbox, PvE, Action-Adventure, Strategy, 3D, 2D, Cute, Relaxing, Funny, Casual, Action, Colorful, Stylized, Loot, Magic, Family Friendly, Indie, Singleplayer"
321350,Fairspace,"21 Oct, 2015",Mixed,25,"Action, Indie, Strategy, Simulation, Space Sim, Sci-fi, Space, Adventure, Exploration, Mining, Open World, Survival, 3D Fighter, Choose Your Own Adventure, Tactical RPG, 3D, Colorful, Aliens, Economy, Futuristic"
1785680,SPECWAR Tactics,"13 Jan, 2022",Mixed,28,"Indie, Tactical, Strategy, Military, Real Time Tactics, Strategy RPG, Character Customization, Stealth, Management, 3D, Open World, Action, Casual, RPG, Simulation, War, PvE, Combat, Singleplayer"
500290,Of Guards And Thieves - Permanent Gold Account,"8 Dec, 2016",Positive,48,"Indie, Action, Free to Play, Casual, Massively Multiplayer, Multiplayer, Competitive, Shooter, Team-Based, Level Editor, Strategy, Real Time Tactics, Zombies, War, Stealth, Tactical, Funny, Class-Based, 3D, Top-Down Shooter"
2647860,Star Stuff: Prologue,"19 Jan, 2024",Positive,19,"Puzzle, Action-Adventure, Strategy, Casual, 3D, Top-Down, Linear, Action, Automation, Sci-fi, Space, Programming, Robots, Adventure, Free to Play, Singleplayer, Indie"
1716770,Air Traffic BLITZ VR,"24 Dec, 2021",Positive,14,"Casual, VR, Arcade, Atmospheric, Stylized, Singleplayer, Action, Flight, Minimalist, Family Friendly, 3D Vision, Indie, Strategy, 3D, Management, Tutorial, Real Time Tactics, Early Access, First-Person, Noir"
1758200,ITRP _ Gas Prison,"8 Oct, 2021",Positive,20,"Action, Logic, First-Person, Dark, Puzzle, Strategy, 3D, Arcade, Perma Death, Time Management, Survival, Modern, Singleplayer, Sci-fi, Linear, Automation, Mystery, Free to Play, Indie"
1346240,Sporadic Spire,"2 Jul, 2020",Very Positive,63,"Action, Casual, Strategy, Tower Defense, Real Time Tactics, Grand Strategy, Voxel, Minimalist, 3D, Top-Down, Beautiful, Sci-fi, Futuristic, Relaxing, Atmospheric, Building, Procedural Generation, Singleplayer, Soundtrack, Indie"
1372430,Spells and Fellas,"7 Nov, 2022",Mostly Positive,25,"Survival, RPG, Action, Magic, Fantasy, 3D, Combat, Singleplayer, Strategy, Action RPG, Top-Down Shooter, Top-Down, Roguelite, Indie, Action Roguelike, Perma Death, Controller, Arcade, Shooter, Roguelike"
1197260,The Perfect Tower II,"26 Feb, 2021",Very Positive,3055,"Strategy, Idler, Tower Defense, Automation, Resource Management, Free to Play, Indie, Action, Minigames, Voxel, Base Building, Character Customization, Early Access, Colorful, Singleplayer, 3D, Multiplayer"
2534220,Infantry Assault: War 3D FPS,"1 Sep, 2023",Positive,11,"Action, Strategy, Action-Adventure, Shooter, Wargame, FPS, First-Person, Realistic, Military, War, Survival, Indie, Simulation, Adventure, Combat, PvE, Turn-Based Combat, Singleplayer, 3D"
1455780,Big Larry,"2 Dec, 2021",Mostly Positive,20,"Survival Horror, FPS, Dark, Horror, Action, Survival, 3D, Strategy, Combat, Action-Adventure, Arcade, Real Time Tactics, First-Person, Atmospheric, Adventure, Choices Matter, Singleplayer, Indie"
2627220,The Texas Chain Saw Massacre - Slaughter Family Bloody Skins Pack,"24 Oct, 2023",Positive,35,"Horror, Gore, Action, Multiplayer, Team-Based, Survival Horror, Violent, Survival, Asynchronous Multiplayer, PvP, Third Person, Stealth, Indie, Blood, Cinematic, Atmospheric, 3D, Nudity, Psychological Horror, Strategy"
369040,Yargis - Space Melee,"30 Jun, 2015",Mixed,54,"Indie, Casual, Action, Adventure, Strategy, Simulation, Co-op, Top-Down, Moddable, Great Soundtrack, Space, Shoot 'Em Up, Multiplayer, 2D, Arcade, Space Sim, 4X, Top-Down Shooter, 3D, Family Friendly"
2249700,Bonfire And Tail,"9 Sep, 2023",Mostly Positive,20,"Casual, Action, Party Game, Online Co-Op, Indie, PvP, Local Multiplayer, Funny, Cartoon, Cute, Local Co-Op, Third Person, Party-Based RPG, Physics, Action-Adventure, Idler, Comedy, Adventure, 3D, Strategy"
2407620,Hexagon Survivors,"26 May, 2023",Mostly Positive,10,"Action, Roguelike, Action Roguelike, 3D, Cyberpunk, Combat, Free to Play, Singleplayer, Indie, Casual, Strategy"
314560,Kyn,"28 Jul, 2015",Mixed,113,"Action, RPG, Adventure, Indie, Singleplayer, Party-Based RPG, Strategy, Action RPG, Hack and Slash, Isometric, Mythology, Puzzle, Point & Click, Third Person, Crafting, Exploration, 3D, Combat, Loot, Tactical"
756560,Robot Warriors,"22 Apr, 2019",Mixed,37,"Arena Shooter, Beat 'em up, Hack and Slash, Top-Down Shooter, Casual, Arcade, Action-Adventure, Strategy, 3D, Top-Down, Post-apocalyptic, Action, Sci-fi, Score Attack, Robots, Adventure, Combat, Singleplayer, Early Access, Indie"
1134020,Sons of Ra,"15 Apr, 2021",Mixed,35,"Tower Defense, RTS, Competitive, Auto Battler, Board Game, PvP, eSports, Strategy, 3D, Split Screen, Action, Fantasy, Mythology, Family Friendly, Multiplayer, Local Multiplayer, Singleplayer, Indie, Controller, Fast-Paced"
1221240,Tavern Cards,"11 Apr, 2020",Mixed,95,"Card Game, Roguelike, Female Protagonist, RPG, Choices Matter, Demons, 3D, Story Rich, Action, Tactical, Dark Fantasy, Hand-drawn, Adventure, Supernatural, Singleplayer, Indie, Strategy, Roguelite, Card Battler, First-Person"
694480,DOTFI,"27 May, 2020",Mixed,46,"Action, Strategy, Indie, Tanks, Tower Defense, Shooter, Open World Survival Craft, Third-Person Shooter, Realistic, 3D, Stylized, Survival, Sci-fi, Crafting, Base Building, Robots, FPS, Casual, Cyberpunk, Shoot 'Em Up"
1471630,MegaRamp,"23 Nov, 2020",Positive,12,"Strategy, Puzzle, Logic, Minimalist, Physics, Relaxing, Choices Matter, Tactical, Nonlinear, Casual, Singleplayer, 3D, Solitaire, Cinematic, Indie, Action"
960900,Lornsword Winter Chronicle,"23 Oct, 2019",Mixed,25,"Action, Strategy, Local Co-Op, RTS, Real Time Tactics, Isometric, Story Rich, Tactical, Co-op, Singleplayer, Real-Time, Controller, Action RTS, 3D, Fantasy, Indie, Casual, Nudity, Local Multiplayer, Multiplayer"
2628360,The Texas Chain Saw Massacre - Ana Outfit Pack,"24 Oct, 2023",Positive,13,"Horror, Gore, Action, Multiplayer, Survival Horror, Team-Based, Violent, Survival, Asynchronous Multiplayer, PvP, Third Person, Stealth, Indie, Blood, Cinematic, Atmospheric, 3D, Nudity, Psychological Horror, Strategy"
1547150,Combat Cycle,"15 Mar, 2021",Mixed,30,"Action, Shooter, FPS, 3D, Tactical, Modern, Bullet Time, Combat, Indie, Gun Customization, Gore, Violent, Strategy, Adventure, Singleplayer"
2258120,Orcs Coming TD,"16 Jan, 2023",Mixed,16,"Strategy, Tower Defense, Fantasy, RTS, Tactical RPG, Singleplayer, PvE, 3D, Isometric, Top-Down, Action, Indie, Casual, Historical, Choices Matter, Medieval, Combat"
1756090,Trial Of Empires TD,"10 Jan, 2022",Mixed,52,"Action, Indie, Tower Defense, Casual, Strategy, Strategy RPG, Tactical RPG, Military, War, Resource Management, Time Management, Singleplayer, 3D, Colorful, Atmospheric, Fantasy, Tactical, Real Time Tactics, Free to Play, PvE"
1067760,Gallic Wars: Battle Simulator,"30 Oct, 2020",Mixed,24,"Funny, Action, Strategy, Roguelike, Indie, RTS, Physics, Rome, Singleplayer, Memes, Medieval, Relaxing, Turn-Based Strategy, Simulation, Real Time Tactics, 3D, Casual, War, Tactical, Historical"
1426990,Anime - Space Sniper,"15 Nov, 2020",Mixed,23,"Action, Casual, Adventure, Nudity, Experimental, Sexual Content, Indie, Strategy, Arcade, Anime, 3D, 3D Platformer, Gore, Sports, Hentai, Shooter, Singleplayer, Futuristic, Space, Memes"
385400,Weapons Genius,"8 Jul, 2015",Mixed,442,"Simulation, Action, Casual, Indie, Gun Customization, FPS, Crafting, Shooter, First-Person, Realistic, Resource Management, Building, Singleplayer, Free to Play, Strategy, Survival, Sandbox, Hidden Object, Trading, 3D"
420330,HEIST,"27 Sep, 2019",Mixed,16,"Indie, Action, Stealth, Heist, Noir, Crime, Strategy, Great Soundtrack, Isometric, Singleplayer, Stylized, Third Person, Top-Down, America, Alternate History, 3D, Tactical, Loot"
1352540,Sentience,"25 Mar, 2021",Mostly Positive,103,"Early Access, Dystopian , Multiplayer, Robots, Singleplayer, Stealth, FPS, Strategy, Action, Survival, Team-Based, Action-Adventure, Controller, Online Co-Op, 3D, Stylized, Indie, Co-op, Third Person, Atmospheric"
1440280,Killer Inside Us,"30 Oct, 2020",Mostly Positive,16,"Multiplayer, Online Co-Op, Space, Social Deduction, Investigation, Diplomacy, Detective, Stealth, Strategy, Multiple Endings, Choices Matter, Action, Casual, Choose Your Own Adventure, Mystery, Indie, Co-op, 3D, PvP, Third Person"
769110,Barbarian Souls,"30 Aug, 2019",Mixed,60,"Hack and Slash, Souls-like, Casual, Character Action Game, Action-Adventure, Third Person, Metroidvania, 3D, Funny, Swordplay, Strategy, Action, Fantasy, Medieval, Pixel Graphics, Adventure, Combat, Singleplayer, Early Access, Indie"
1076500,Valgrave: Immortal Plains,"7 Feb, 2020",Very Positive,926,"Battle Royale, Free to Play, Massively Multiplayer, Multiplayer, Magic, Fantasy, Action, Indie, Strategy, Third Person, Experimental, Replay Value, 3D Fighter, Casual, PvP, RPG, Fighting, Arcade, Third-Person Shooter, 3D"
2541590,Flow Parkour,"18 Aug, 2023",Mostly Positive,55,"Action, Platformer, 3D Platformer, Precision Platformer, Runner, 3D, First-Person, Controller, Physics, Early Access, Casual, Stealth, Strategy, Indie, Tutorial, Parkour, Singleplayer"
1588040,Dungeon Clicker,"25 Aug, 2021",Mixed,32,"Early Access, Singleplayer, Clicker, Point & Click, Indie, Soundtrack, Idler, RPG, Time Management, Strategy, Action, Casual, Fantasy, 3D, Funny, Arcade, Management, Resource Management, Character Customization, Adventure"
1586220,Click To Eleven,"21 Nov, 2023",Mostly Positive,133,"Exploration, Action-Adventure, 3D, First-Person, Lore-Rich, Strategy, Story Rich, Realistic, Action, Indie, Arcade, Adventure, Point & Click, Sandbox, Clicker, 2D Platformer, 2D, Minimalist, Aliens, Comedy"
2692450,Kurofune : Descobrimentos Portugueses,"28 Feb, 2024",Positive,27,"Choose Your Own Adventure, Resource Management, Exploration, Strategy, Historical, Top-Down, Choices Matter, Singleplayer, Adventure, Point & Click, Education, Management, Grand Strategy, 3D, Action, Casual, Simulation, Cartoony, Combat, Indie"
1419100,The Unexpected Quest Prologue,"7 Oct, 2020",Very Positive,102,"Free to Play, Simulation, City Builder, Strategy, Adventure, Action-Adventure, 3D, Colorful, Base Building, Choices Matter, Crafting, Singleplayer, Action, Indie"
2281300,沃瑞尔：荒境,"14 Feb, 2023",Positive,27,"RPG, Action Roguelike, Turn-Based Tactics, Casual, Archery, 3D, 3D Vision, Dragons, Turn-Based Combat, Loot, Free to Play, Sci-fi, Indie, Strategy, Action, Adventure, Combat, Co-op, Multiplayer, Asynchronous Multiplayer"
480500,Dogfight Elite,"28 Aug, 2023",Mixed,55,"Action, Wargame, Massively Multiplayer, Flight, Simulation, Strategy, Indie, World War I, VR, Shooter, 3D Fighter, Action-Adventure, Arcade, MOBA, FPS, Third-Person Shooter, Realistic, Third Person, 3D, Cartoony"
2169140,CantEscapeTheBackrooms,"31 Dec, 2023",Mixed,66,"Strategy, Puzzle Platformer, Puzzle, Action-Adventure, First-Person, Multiplayer, 3D, Horror, Action, Adventure, Free to Play, Stealth, Survival Horror, Dark, Singleplayer, Indie, Online Co-Op, Co-op"
1054370,Sandbox Anything,"18 Dec, 2019",Mostly Positive,46,"Sandbox, Strategy, Multiplayer, Action, Level Editor, Zombies, Experimental, Indie, 2.5D, Early Access, Casual, Simulation, Massively Multiplayer, Puzzle, Survival, Tower Defense, 3D, Cartoony, Colorful, Third Person"
467370,Escape This,"4 May, 2016",Mixed,107,"Precision Platformer, Perma Death, Difficult, Puzzle Platformer, Moddable, Puzzle, Level Editor, Arcade, 3D Platformer, Top-Down, 3D, Family Friendly, Singleplayer, Casual, Action, Strategy, Dating Sim, Shooter, Indie"
1395080,The Disaster,"22 May, 2021",Mostly Positive,12,"Action, Shooter, Singleplayer, Survival, 3D, PvE, Zombies, First-Person, Hero Shooter, FPS, Adventure, Indie, Sci-fi, Combat, Action-Adventure, Strategy, Fantasy, Post-apocalyptic, Early Access, Multiplayer"
1613100,Rioters 2025,"16 Jul, 2021",Mixed,26,"Action, FPS, Battle Royale, Third-Person Shooter, 3D, Massively Multiplayer, Realistic, Sniper, Survival, Tactical, War, Character Customization, Combat, Casual, Indie, Adventure, RPG, Simulation, Strategy, PvP"
1079440,Bad Business,"24 Jul, 2019",Mixed,15,"3D, Top-Down Shooter, Violent, Top-Down, Blood, Short, Stylized, Gore, Indie, Stealth, Third Person, Tactical, Fast-Paced, Arcade, Shooter, Difficult, Singleplayer, Action, Strategy"
1991090,Falling Elevator,"6 Jun, 2022",Positive,12,"Strategy, Action, Adventure, Casual, Simulation, City Builder, Platformer, Point & Click, Puzzle, Choose Your Own Adventure, Clicker, Metroidvania, Mystery Dungeon, Time Management, 3D, Cute, Third Person, Singleplayer, Indie"
633150,Mythlink,"20 Jan, 2023",Positive,10,"VR, Indie, Action, Multiplayer, PvP, Singleplayer, Family Friendly, Puzzle, Casual, Arcade, Combat, Real Time Tactics, 3D, First-Person, Strategy"
1442750,Invasion Vill,"30 May, 2022",Positive,10,"Thriller, Horror, Dark, Science, Strategy, Artificial Intelligence, First-Person, PvE, Singleplayer, Action, Indie, Gore, Violent, Survival Horror, Action-Adventure, 3D, Realistic"
1469000,Don't Crash - The Zombie Game,"25 Dec, 2020",Mixed,10,"Action, Adventure, Shooter, Survival, FPS, Looter Shooter, Survival Horror, 3D, First-Person, Zombies, Indie, Casual, Combat, Violent, Strategy, Perma Death, PvE, Score Attack, Singleplayer"
672310,Kingdoms Of Marazia: Classic,"6 Aug, 2018",Mixed,28,"Massively Multiplayer, RTS, Strategy, Management, Indie, RPG, Hex Grid, Action, Casual, MMORPG, Action RTS, Real Time Tactics, 3D, Colorful, Minimalist, Top-Down, Building, Economy, Medieval, Military"
1361750,The Rebellion,"1 Apr, 2021",Mixed,18,"Medieval, Strategy, RTS, War, PvP, PvE, Multiplayer, Online Co-Op, Base Building, Third Person, Top-Down, Action RTS, Action, Crafting, 3D, Singleplayer, Early Access, Indie, Souls-like, Dark Fantasy"
2167340,Physics Lab,"7 May, 2023",Mostly Positive,14,"Casual, Atmospheric, Sandbox, 3D, Action, Minimalist, Stylized, First-Person, Logic, Physics, Nonlinear, Singleplayer, Free to Play, Indie, Strategy, Adventure, RPG"
2386590,Dwarfender,"1 Jun, 2023",Mixed,23,"Action, Strategy, Tower Defense, RTS, Real Time Tactics, Third-Person Shooter, 3D, Third Person, Fantasy, Medieval, Underground, Tactical, Combat, PvE, Tutorial, Free to Play, Singleplayer, Indie"
1942610,Blackout!!,"2 May, 2022",Mixed,17,"Action, RPG, Strategy, Tower Defense, RTS, Hack and Slash, Real Time Tactics, Turn-Based Tactics, 3D, Cartoon, Third Person, Fantasy, Magic, Nature, Base Building, Local Co-Op, Singleplayer, Free to Play, Indie"
1260400,Challenge Speedball,"13 Jan, 2021",,6,"Action, Sports, eSports, Shooter, 3D Fighter, Arena Shooter, FPS, 3D, Third Person, Retro, Combat, Simulation, Indie, Strategy, Team-Based, Co-op, Multiplayer, Co-op Campaign"
1547440,Let Them Fall,"29 Oct, 2023",Mixed,14,"Simulation, Strategy, Casual, Sandbox, Automation, Building, Puzzle, Logic, Colorful, Physics, Action, Indie, Management, Immersive Sim, Singleplayer, 3D"
1959960,Burg,Jul 2022,Mostly Positive,1034,"Multiplayer, Action, PvP, Stealth, Memes, Casual, 3D Platformer, Platformer, Strategy, Exploration, 3D, First-Person, Stylized, Comedy, Free to Play, Family Friendly, Funny, Indie, Character Customization, Psychological Horror"
1906100,Mirror Shoot,"4 Mar, 2022",Mixed,29,"Shooter, FPS, PvP, Sci-fi, Action, Physics, Strategy, Surreal, Action RTS, 3D, First-Person, Tactical, Futuristic, Alternate History, Team-Based, Combat, Multiplayer, Free to Play, Indie"
1633260,SICKO ISLAND,"27 Aug, 2021",Mostly Positive,16,"Survival, Action-Adventure, First-Person, Singleplayer, Combat, Adventure, Strategy, 3D Fighter, Puzzle, Arcade, Action, Indie, Gore, Violent, 3D Platformer, Free to Play, Exploration, Hidden Object, 3D, Atmospheric"
933830,Of Ships & Scoundrels,"14 Nov, 2019",Mixed,19,"Action RTS, Real Time Tactics, Action, Pirates, Naval, Multiplayer, RTS, Crafting, Strategy, Procedural Generation, Indie, Early Access, Real-Time with Pause, Exploration, 3D, 3D Vision, Realistic, Top-Down, Sailing, Tactical"
1674100,Subject 95,"11 Jul, 2021",Mixed,16,"Action, Adventure, Action-Adventure, Platformer, 3D Platformer, Runner, 3D, First-Person, Indie, Simulation, Atmospheric, Strategy, Singleplayer"
1585390,Code Zero,"14 Aug, 2021",Mixed,41,"Action, Tactical, Shooter, Multiplayer, FPS, PvP, 3D, First-Person, Free to Play, Casual, Indie, Combat, Strategy, Team-Based, Local Multiplayer"
1394270,SCP: Escape Together,"6 Jan, 2021",Mixed,3481,"Multiplayer, Horror, Free to Play, Strategy, Action, Adventure, Co-op, Online Co-Op, Action-Adventure, 3D, Gore, Sexual Content, Early Access, Moddable, Indie, Violent, PvE, PvP, Comedy, VR"
1663860,The Guardian Stone,"22 Oct, 2022",Mixed,13,"Adventure, RPG, Action RPG, Action-Adventure, Dungeon Crawler, Hack and Slash, 3D, Third Person, Dark Fantasy, Fantasy, Early Access, Action, Indie, Combat, Strategy, Casual, PvE, Multiplayer, Singleplayer, Tower Defense"
345580,Universal Combat CE,"6 Feb, 2015",Mostly Positive,23,"Space, Sci-fi, Simulation, Strategy, Action, Indie, Space Sim, Sandbox, Building, Open World, Exploration, Flight, 3D, Artificial Intelligence, Futuristic, Combat, Singleplayer, Massively Multiplayer, Multiplayer, Survival"
2376310,Castle War,"20 Apr, 2023",Mixed,16,"Strategy, RTS, Action RTS, 3D, Colorful, Cute, Top-Down, Fantasy, Funny, Magic, Medieval, Base Building, Combat, PvP, Action, Resource Management, Multiplayer, Indie"
2436240,Gobbo's Gambit,"18 Jul, 2023",Mixed,11,"Stealth, Action, Dungeon Crawler, Third Person, Fantasy, Medieval, Action-Adventure, Singleplayer, Strategy, Indie, 3D, Stylized, Tactical, Combat"
1297320,ACT,"27 Dec, 2020",Mixed,59,"Strategy, Action, Casual, Simulation, Indie, FPS, Heist, Crime, Early Access, Multiplayer, Flight, Violent, PvP, Shooter, First-Person, Realistic, 3D, Free to Play, Stealth, Action RPG"
1917260,Catharsis,"7 Apr, 2022",Mixed,12,"Exploration, Dungeon Crawler, Party-Based RPG, RPG, Free to Play, 3D, First-Person, Dark Fantasy, Singleplayer, Indie, Strategy RPG, Old School, Combat, Linear, PvE, Turn-Based Combat, Strategy, Turn-Based Tactics, Adventure, Action"
668730,Legends Of Iona RPG (2007 arcade mod),"22 Aug, 2017",Mixed,27,"Dungeon Crawler, Casual, RPG, Strategy, Action-Adventure, Exploration, Indie, Adventure, Education, Action RPG, Third Person, Action, JRPG, Software Training, Character Action Game, Anime, Hack and Slash, 3D, Cartoony, Minimalist"
1509750,Cold Heart,"8 Feb, 2021",Positive,11,"Action, Casual, Survival, Hack and Slash, Action-Adventure, 3D, Colorful, Collectathon, Cartoony, Top-Down, Cute, Fantasy, Magic, PvE, Singleplayer, Character Customization, Family Friendly, Indie, Strategy, Adventure"
1899710,ITRP _ Volatile Vertex,"2 Mar, 2022",Mostly Positive,84,"Puzzle, 3D Platformer, First-Person, Puzzle Platformer, Action, Futuristic, Logic, Sci-fi, Physics, 6DOF, Underground, Free to Play, Platformer, Indie, 3D, Multiple Endings, Singleplayer, Strategy"
